model,hypothesis_label,folds_count,accuracy_mean,accuracy_std,accuracy_min,accuracy_max,precision_binary_mean,precision_binary_std,precision_binary_min,precision_binary_max,recall_binary_mean,recall_binary_std,recall_binary_min,recall_binary_max,f1_binary_mean,f1_binary_std,f1_binary_min,f1_binary_max,precision_micro_mean,precision_micro_std,precision_micro_min,precision_micro_max,recall_micro_mean,recall_micro_std,recall_micro_min,recall_micro_max,f1_micro_mean,f1_micro_std,f1_micro_min,f1_micro_max,f1_macro_mean,f1_macro_std,f1_macro_min,f1_macro_max,cohen_kappa_mean,cohen_kappa_std,cohen_kappa_min,cohen_kappa_max,prevalence_mean,prevalence_std,prevalence_min,prevalence_max,roc_auc_mean,roc_auc_std,roc_auc_min,roc_auc_max,pr_auc_mean,pr_auc_std,pr_auc_min,pr_auc_max
socio_economic,"capital owners, investors and shareholders",5,0.913834499,0.04740001,0.861538462,0.96969697,1,0,1,1,0.83083779,0.092987667,0.727272727,0.939393939,0.905354077,0.055392247,0.842105263,0.96875,0.913834499,0.04740001,0.861538462,0.96969697,0.913834499,0.04740001,0.861538462,0.96969697,0.913834499,0.04740001,0.861538462,0.96969697,0.913029805,0.048226167,0.859408796,0.969669118,0.828269673,0.094188785,0.724186704,0.939393939,0.509675481,0.01157908,0.5,0.523076923,0.963381769,0.024732782,0.924701561,0.986742424,0.975076256,0.014684835,0.951043978,0.989333705
socio_economic,lower class,5,0.91094697,0.017268121,0.892307692,0.939393939,0.971428571,0.063887656,0.857142857,1,0.510606061,0.085307202,0.416666667,0.636363636,0.664869281,0.071093455,0.588235294,0.777777778,0.91094697,0.017268121,0.892307692,0.939393939,0.91094697,0.017268121,0.892307692,0.939393939,0.91094697,0.017268121,0.892307692,0.939393939,0.806750317,0.040303482,0.763144196,0.871345029,0.619893195,0.077162476,0.538071066,0.744680851,0.176362179,0.011257181,0.166666667,0.1875,0.934151072,0.022986995,0.895867769,0.952830189,0.82844439,0.02417361,0.807337757,0.870125661
socio_economic,middle class,5,0.981678322,0.0199975,0.953846154,1,1,0,1,1,0.76,0.260768096,0.4,1,0.842063492,0.182893033,0.571428571,1,0.981678322,0.0199975,0.953846154,1,0.981678322,0.0199975,0.953846154,1,0.981678322,0.0199975,0.953846154,1,0.91616681,0.096713923,0.773519164,1,0.833506065,0.191572333,0.551724138,1,0.076640807,0.001131769,0.075757576,0.078125,0.947857923,0.052066158,0.895081967,1,0.848,0.151967967,0.69,1
socio_economic,skilled or qualified,5,0.944845571,0.017391518,0.923076923,0.96875,0.926666667,0.101105006,0.8,1,0.560714286,0.157507693,0.375,0.714285714,0.682937063,0.118438134,0.545454545,0.833333333,0.944845571,0.017391518,0.923076923,0.96875,0.944845571,0.017391518,0.923076923,0.96875,0.944845571,0.017391518,0.923076923,0.96875,0.826353185,0.063747989,0.751718869,0.908045977,0.656033387,0.124006014,0.512743628,0.816618911,0.111143284,0.008107729,0.106060606,0.123076923,0.960796607,0.048467732,0.875,0.989974937,0.879216839,0.058755436,0.802813853,0.948051948
socio_economic,unskilled or unqualified,5,0.96951049,0.018558497,0.954545455,1,0.91,0.124498996,0.75,1,0.68,0.228035085,0.4,1,0.757619048,0.160889675,0.571428571,1,0.96951049,0.018558497,0.954545455,1,0.96951049,0.018558497,0.954545455,1,0.96951049,0.018558497,0.954545455,1,0.870664488,0.085199573,0.773714286,1,0.742532538,0.169034874,0.552036199,1,0.076640807,0.001131769,0.075757576,0.078125,0.922393443,0.11455377,0.721311475,1,0.799606197,0.185933197,0.508391734,1
socio_economic,upper class,5,0.957296037,0.027211095,0.938461538,1,1,0,1,1,0.542857143,0.304166084,0.333333333,1,0.666666667,0.23570226,0.5,1,0.957296037,0.027211095,0.938461538,1,0.957296037,0.027211095,0.938461538,1,0.957296037,0.027211095,0.938461538,1,0.821908117,0.124959881,0.733606557,1,0.649017762,0.245516878,0.475806452,1,0.095815122,0.008030578,0.090909091,0.107692308,0.874711577,0.128560715,0.709039548,1,0.767318939,0.199506789,0.591265374,1
social_roles,car drivers,5,0.979834358,0.012543493,0.959183673,0.98989899,0.8,0.447213595,0,1,0.52,0.309434969,0,0.75,0.626190476,0.359082037,0,0.857142857,0.979834358,0.012543493,0.959183673,0.98989899,0.979834358,0.012543493,0.959183673,0.98989899,0.979834358,0.012543493,0.959183673,0.98989899,0.80790271,0.18265515,0.489583333,0.925953628,0.620386667,0.356362086,0,0.852017937,0.042209611,0.003811088,0.04040404,0.049019608,0.924526039,0.102359853,0.784210526,1,0.822052469,0.192780258,0.606095679,1
social_roles,consumers and clients,5,0.865331587,0.033983709,0.818181818,0.898989899,0.996078431,0.008768894,0.980392157,1,0.803643547,0.046030205,0.746268657,0.850746269,0.889106739,0.030695264,0.847457627,0.919354839,0.865331587,0.033983709,0.818181818,0.898989899,0.865331587,0.033983709,0.818181818,0.898989899,0.865331587,0.033983709,0.818181818,0.898989899,0.85862996,0.033659889,0.811228814,0.892109852,0.722755309,0.06411287,0.632425743,0.786545925,0.676128633,0.006076152,0.666666667,0.683673469,0.964438995,0.023445604,0.931436567,0.984608209,0.984387699,0.012344908,0.963989213,0.993439425
social_roles,patients,5,0.957689743,0.018268885,0.93877551,0.97979798,0.988888889,0.0248452,0.944444444,1,0.791578947,0.105368368,0.684210526,0.894736842,0.87545045,0.060736704,0.8125,0.944444444,0.957689743,0.018268885,0.93877551,0.97979798,0.957689743,0.018268885,0.93877551,0.97979798,0.957689743,0.018268885,0.93877551,0.97979798,0.924973356,0.035714462,0.887957317,0.966049383,0.850636998,0.070680952,0.777441332,0.932145305,0.193142712,0.001847257,0.191919192,0.196078431,0.973602558,0.018406538,0.949367089,0.995394737,0.959941433,0.016240509,0.943051791,0.984598338
social_roles,volunteers,5,0.949745959,0.028441219,0.918367347,0.97979798,0.741414141,0.421624922,0,1,0.488888889,0.434613494,0,1,0.530505051,0.379202063,0,0.9,0.949745959,0.028441219,0.918367347,0.97979798,0.949745959,0.028441219,0.918367347,0.97979798,0.949745959,0.028441219,0.918367347,0.97979798,0.75190975,0.196689367,0.478723404,0.944382022,0.517079716,0.376779818,0,0.888888889,0.088519044,0.004019946,0.081632653,0.090909091,0.951337117,0.062743278,0.851388889,0.997530864,0.860666931,0.146307874,0.60936086,0.97979798
social_deviance,drug addicts,5,0.987878788,0.019755159,0.954545455,1,1,0,1,1,0.84,0.260768096,0.4,1,0.892063492,0.185585357,0.571428571,1,0.987878788,0.019755159,0.954545455,1,0.987878788,0.019755159,0.954545455,1,0.987878788,0.019755159,0.954545455,1,0.942818738,0.097994077,0.773714286,1,0.886580525,0.194000315,0.552036199,1,0.07192012,0.0069416,0.061538462,0.075757576,1,0,1,1,1,0,1,1
social_deviance,extremists,5,0.915233622,0.022375232,0.880597015,0.939393939,0.955,0.062249498,0.875,1,0.582051282,0.120727441,0.384615385,0.692307692,0.715001271,0.09736599,0.555555556,0.8,0.915233622,0.022375232,0.880597015,0.939393939,0.915233622,0.022375232,0.880597015,0.939393939,0.915233622,0.022375232,0.880597015,0.939393939,0.832566175,0.054759342,0.743295019,0.882142857,0.669928415,0.103954311,0.501858736,0.765957447,0.189358279,0.007282522,0.181818182,0.196969697,0.919550162,0.013110242,0.905864198,0.935534591,0.841198996,0.019611812,0.811333256,0.859144108
social_deviance,"offenders, criminals, prisoners and/or accused people",5,0.724265386,0.038962408,0.681818182,0.757575758,0.912853755,0.069524391,0.826086957,1,0.557207207,0.041935999,0.513513514,0.621621622,0.69124424,0.044656849,0.644067797,0.741935484,0.724265386,0.038962408,0.681818182,0.757575758,0.724265386,0.038962408,0.681818182,0.757575758,0.724265386,0.038962408,0.681818182,0.757575758,0.720942442,0.039337079,0.678198282,0.756682028,0.467083758,0.075776197,0.380697051,0.528991971,0.55682427,0.004415863,0.552238806,0.560606061,0.859004867,0.044135845,0.794444444,0.915708812,0.887987806,0.048699676,0.811371615,0.937661496
social_deviance,"terrorists, rebels, revolutionaries and/or movements of armed resistance",5,0.885025224,0.048457096,0.818181818,0.953846154,0.911111111,0.144871165,0.666666667,1,0.546666667,0.15202339,0.4,0.8,0.677514273,0.139937999,0.5,0.888888889,0.885025224,0.048457096,0.818181818,0.953846154,0.885025224,0.048457096,0.818181818,0.953846154,0.885025224,0.048457096,0.818181818,0.953846154,0.803746963,0.084484831,0.694444444,0.929881338,0.614007228,0.165853501,0.397260274,0.860215054,0.227298821,0.002812434,0.223880597,0.230769231,0.894475214,0.0325319,0.867973856,0.946153846,0.7916542,0.090376668,0.666900367,0.879710551
real_estate,homeless,5,0.938461538,0.096537695,0.769230769,1,1,0,1,1,0.766666667,0.357301552,0.142857143,1,0.816433566,0.319452048,0.25,1,0.938461538,0.096537695,0.769230769,1,0.938461538,0.096537695,0.769230769,1,0.938461538,0.096537695,0.769230769,1,0.889577293,0.188014351,0.556818182,1,0.795693967,0.339714354,0.195876289,1,0.269230769,0,0.269230769,0.269230769,0.852994987,0.297179283,0.323308271,1,0.848885318,0.290346787,0.334170178,1
real_estate,real-estate owner,5,0.792307692,0.211713215,0.423076923,0.923076923,0.753246753,0.422502284,0,1,0.671428571,0.386639103,0,0.928571429,0.707428571,0.398940433,0,0.928571429,0.792307692,0.211713215,0.423076923,0.923076923,0.792307692,0.211713215,0.423076923,0.923076923,0.792307692,0.211713215,0.423076923,0.923076923,0.766877449,0.266683842,0.297297297,0.922619048,0.616457811,0.356680652,0,0.845238095,0.548076923,0.019230769,0.538461538,0.576923077,0.866580087,0.128999004,0.642424242,0.952380952,0.890148006,0.119290347,0.692395679,0.972049689
real_estate,tenants,5,0.892307692,0.137065613,0.653846154,1,0.775,0.43660623,0,1,0.7,0.401170163,0,1,0.733095238,0.413608162,0,1,0.892307692,0.137065613,0.653846154,1,0.892307692,0.137065613,0.653846154,1,0.892307692,0.137065613,0.653846154,1,0.83209597,0.247256384,0.395348837,1,0.706377883,0.402468978,0,1,0.317307692,0.019230769,0.307692308,0.346153846,0.868954248,0.221675335,0.483660131,1,0.851316714,0.260411613,0.392694679,1
profession,athletes,5,0.965085377,0.0086528,0.951263538,0.97486535,0.953178251,0.02223526,0.925925926,0.981818182,0.773528323,0.064209803,0.684931507,0.851351351,0.852870631,0.041788667,0.787401575,0.9,0.965085377,0.0086528,0.951263538,0.97486535,0.965085377,0.0086528,0.951263538,0.97486535,0.965085377,0.0086528,0.951263538,0.97486535,0.91652935,0.023292173,0.87993932,0.942813142,0.833367465,0.046330118,0.760572398,0.885679939,0.132062926,0.000993338,0.13059034,0.133093525,0.990504219,0.003874709,0.985813614,0.996530692,0.955986772,0.016497181,0.93572416,0.979305386
profession,authors and artists,5,0.982367967,0.006147911,0.976534296,0.991007194,0.88505033,0.036399234,0.84375,0.942857143,0.831111111,0.072120546,0.75,0.916666667,0.856669566,0.053638627,0.805970149,0.929577465,0.982367967,0.006147911,0.976534296,0.991007194,0.982367967,0.006147911,0.976534296,0.991007194,0.982367967,0.006147911,0.976534296,0.991007194,0.923637614,0.028447479,0.896741078,0.962387195,0.847297186,0.056871578,0.793508802,0.924775409,0.064049782,0.000756198,0.063176895,0.064748201,0.991343906,0.006737573,0.981833196,0.998985043,0.900741451,0.050057055,0.862153583,0.98406076
profession,doctors,5,0.996041818,0.000803736,0.994604317,0.996422182,0.957948718,0.060937234,0.866666667,1,0.884615385,0.080752409,0.785714286,1,0.91556044,0.02002076,0.88,0.928571429,0.996041818,0.000803736,0.994604317,0.996422182,0.996041818,0.000803736,0.994604317,0.996422182,0.996041818,0.000803736,0.994604317,0.996422182,0.956766887,0.010213614,0.938620055,0.963359788,0.913548286,0.020412837,0.877280753,0.926729269,0.024466614,0.000895781,0.023465704,0.025179856,0.992355226,0.016317752,0.963167587,1,0.972752676,0.033115576,0.915212982,1
profession,farmers and fishermen,5,0.995317866,0.002421255,0.992779783,0.998211091,0.937086835,0.072280741,0.823529412,1,0.888571429,0.097450493,0.714285714,0.933333333,0.907151067,0.052520715,0.833333333,0.965517241,0.995317866,0.002421255,0.992779783,0.998211091,0.995317866,0.002421255,0.992779783,0.998211091,0.995317866,0.002421255,0.992779783,0.998211091,0.952374302,0.026855534,0.914821648,0.982299484,0.904772748,0.053672463,0.829748002,0.964600089,0.026265849,0.000889207,0.025270758,0.026978417,0.991278277,0.017604981,0.95978836,0.999387255,0.948369977,0.052667977,0.856343194,0.983333333
profession,health and care professionals,5,0.989916244,0.003304531,0.985559567,0.992818671,0.561904762,0.374044512,0,1,0.442857143,0.269163481,0,0.714285714,0.478241758,0.282109979,0,0.714285714,0.989916244,0.003304531,0.985559567,0.992818671,0.989916244,0.003304531,0.985559567,0.992818671,0.989916244,0.003304531,0.985559567,0.992818671,0.736574061,0.141792582,0.496363636,0.855321364,0.474098806,0.281913868,-0.003168855,0.710642727,0.012232981,0.000774233,0.01084991,0.012635379,0.980060281,0.028275011,0.929742389,0.996635611,0.665582585,0.154588294,0.414035964,0.80952381
profession,journalists,5,0.997118392,0.002414512,0.994584838,1,0.926984127,0.06790238,0.857142857,1,0.883333333,0.162446572,0.666666667,1,0.896470588,0.091280775,0.8,1,0.997118392,0.002414512,0.994584838,1,0.997118392,0.002414512,0.994584838,1,0.997118392,0.002414512,0.994584838,1,0.947504693,0.046251488,0.89862763,1,0.895035271,0.092471283,0.797267626,1,0.014752946,0.000787677,0.01431127,0.016157989,0.961635439,0.083748254,0.811841038,1,0.927481149,0.094049244,0.781818624,1
profession,legal professionals,5,0.99208624,0.003266439,0.987410072,0.996383363,0.858333333,0.149071198,0.666666667,1,0.695555556,0.154879483,0.5,0.9,0.753841042,0.102395785,0.631578947,0.875,0.99208624,0.003266439,0.987410072,0.996383363,0.99208624,0.003266439,0.987410072,0.996383363,0.99208624,0.003266439,0.987410072,0.996383363,0.874909202,0.051976053,0.812587278,0.936582569,0.749946026,0.103854433,0.625192604,0.873194222,0.017630685,0.000760159,0.016274864,0.018050542,0.967182053,0.038768922,0.901465201,0.996119281,0.756844056,0.096829669,0.623960477,0.884656085
profession,other profession,5,0.930172121,0.008054509,0.922800718,0.942754919,0.857439826,0.051912124,0.803921569,0.92,0.473462302,0.113150974,0.359375,0.650793651,0.601024936,0.079102048,0.516853933,0.719298246,0.930172121,0.008054509,0.922800718,0.942754919,0.930172121,0.008054509,0.922800718,0.942754919,0.930172121,0.008054509,0.922800718,0.942754919,0.781367514,0.041554869,0.737451357,0.843712868,0.567051285,0.080072566,0.483514114,0.687818499,0.114070577,0.000972964,0.112701252,0.115107914,0.918345892,0.012946803,0.900851118,0.931003584,0.729112556,0.029843835,0.703551379,0.767706663
profession,politicians and high-ranking officials,5,0.956084716,0.009553779,0.946140036,0.966010733,0.986841017,0.012537823,0.972222222,1,0.91743677,0.022964784,0.894941634,0.953307393,0.95067495,0.011079133,0.939516129,0.962671906,0.956084716,0.009553779,0.946140036,0.966010733,0.956084716,0.009553779,0.946140036,0.966010733,0.956084716,0.009553779,0.946140036,0.966010733,0.955546981,0.009728779,0.94548622,0.96573661,0.911210253,0.019395896,0.89108756,0.931478746,0.462041704,0.001576245,0.459749553,0.463898917,0.99249567,0.002109471,0.989909209,0.994625405,0.992568867,0.002358512,0.988980936,0.994905806
profession,prostitutes,5,0.997837824,0.001507512,0.996389892,1,0.91,0.124498996,0.75,1,0.886666667,0.104349839,0.8,1,0.891024531,0.073552772,0.8,1,0.997837824,0.001507512,0.996389892,1,0.997837824,0.001507512,0.996389892,1,0.997837824,0.001507512,0.996389892,1,0.944966147,0.037138702,0.899089253,1,0.889943604,0.074273412,0.798178506,1,0.009714953,0.000974501,0.008944544,0.010791367,0.969049378,0.061440944,0.859346642,1,0.833039708,0.106075498,0.71,1
profession,scientists and professors,5,0.989557838,0.002982771,0.987341772,0.992844365,0.921731602,0.051845498,0.857142857,1,0.708823529,0.087094339,0.625,0.823529412,0.799468339,0.066628304,0.740740741,0.875,0.989557838,0.002982771,0.987341772,0.992844365,0.989557838,0.002982771,0.987341772,0.992844365,0.989557838,0.002982771,0.987341772,0.992844365,0.89705351,0.034061235,0.867126626,0.935658379,0.794226987,0.068037731,0.734481103,0.871331569,0.029864319,0.000876116,0.028880866,0.03057554,0.985629,0.017644495,0.95503656,0.996979554,0.894704188,0.034368605,0.846424057,0.934794707
profession,security forces,5,0.976987193,0.008717758,0.964028777,0.987341772,0.902263995,0.04283263,0.85,0.954545455,0.819769504,0.069079002,0.708333333,0.893617021,0.858579954,0.055918983,0.772727273,0.923076923,0.976987193,0.008717758,0.964028777,0.987341772,0.976987193,0.008717758,0.964028777,0.987341772,0.976987193,0.008717758,0.964028777,0.987341772,0.923026919,0.030318864,0.876598011,0.958090186,0.846104431,0.060575394,0.753371185,0.916188538,0.0856406,0.000685862,0.084837545,0.086330935,0.985539399,0.009932442,0.970075016,0.996720209,0.926676484,0.032951498,0.884733756,0.970769621
profession,soldiers,5,0.992439438,0.003469159,0.98915009,0.998204668,0.925897436,0.072344508,0.846153846,1,0.79,0.089297023,0.733333333,0.9375,0.850626912,0.069595461,0.785714286,0.967741935,0.992439438,0.003469159,0.98915009,0.998204668,0.992439438,0.003469159,0.98915009,0.998204668,0.992439438,0.003469159,0.98915009,0.998204668,0.923374018,0.035676197,0.890074212,0.983409287,0.846784553,0.071337038,0.780177554,0.966819563,0.027707302,0.000959424,0.026833631,0.028776978,0.976961241,0.025777949,0.940257353,0.99739777,0.904745626,0.031344185,0.857123039,0.940217391
profession,teachers and educators,5,0.993520561,0.002732985,0.989208633,0.996409336,0.933846154,0.101701501,0.769230769,1,0.773076923,0.041691314,0.75,0.846153846,0.843672994,0.054503201,0.769230769,0.916666667,0.993520561,0.002732985,0.989208633,0.996409336,0.993520561,0.002732985,0.989208633,0.996409336,0.993520561,0.002732985,0.989208633,0.996409336,0.920182059,0.027934139,0.881852954,0.957415902,0.840395793,0.055876193,0.763705907,0.914844825,0.022309597,0.000963321,0.021466905,0.023381295,0.9963098,0.002805889,0.992992078,1,0.899667771,0.062044863,0.843845355,1
identities,Ethnic and racial minorities,5,0.986256481,0.005221282,0.98125,0.99382716,0.6,0.547722558,0,1,0.316666667,0.324893145,0,0.75,0.404761905,0.390505225,0,0.857142857,0.986256481,0.005221282,0.98125,0.99382716,0.986256481,0.005221282,0.98125,0.99382716,0.986256481,0.005221282,0.98125,0.99382716,0.698900611,0.196513457,0.495268139,0.926994142,0.402056707,0.388378373,0,0.854054054,0.02120558,0.00325722,0.01863354,0.02484472,0.969212884,0.057735147,0.866242038,0.997890295,0.789130094,0.216340523,0.417241379,0.916666667
identities,christians,5,0.976222668,0.010480733,0.961783439,0.98757764,0.87,0.185741756,0.6,1,0.542857143,0.119522861,0.428571429,0.714285714,0.666666667,0.139278608,0.5,0.833333333,0.976222668,0.010480733,0.961783439,0.98757764,0.976222668,0.010480733,0.961783439,0.98757764,0.976222668,0.010480733,0.961783439,0.98757764,0.827168469,0.072332286,0.740066225,0.91344086,0.655031467,0.144445627,0.480705623,0.827067669,0.043700477,0.000530573,0.043209877,0.044585987,0.978536916,0.027037607,0.933333333,1,0.81678609,0.155359383,0.651162244,1
identities,cisgender and heterosexuals,5,0.992467757,0.006876955,0.987261146,1,0.92,0.178885438,0.6,1,0.8,0.273861279,0.5,1,0.816666667,0.170782513,0.666666667,1,0.992467757,0.006876955,0.987261146,1,0.992467757,0.006876955,0.987261146,1,0.992467757,0.006876955,0.987261146,1,0.906409884,0.087105196,0.83014862,1,0.813190425,0.173854747,0.661016949,1,0.024932384,0.004157119,0.01910828,0.030864198,0.995725029,0.006713266,0.983974359,1,0.930952381,0.074058719,0.821428571,1
identities,disabled people,5,0.991264935,0.009406967,0.97515528,1,0.971428571,0.063887656,0.857142857,1,0.819047619,0.23364896,0.428571429,1,0.868251748,0.154643199,0.6,1,0.991264935,0.009406967,0.97515528,1,0.991264935,0.009406967,0.97515528,1,0.991264935,0.009406967,0.97515528,1,0.931866429,0.079741453,0.793589744,1,0.864169243,0.158575421,0.589285714,1,0.039934356,0.003133671,0.037267081,0.043478261,0.996841711,0.004082839,0.990723562,1,0.956277056,0.052249307,0.880952381,1
identities,jews,5,0.988740168,0.006898602,0.98089172,0.99378882,1,0,1,1,0.728571429,0.177855709,0.5,0.857142857,0.832634033,0.125684049,0.666666667,0.923076923,0.988740168,0.006898602,0.98089172,0.99378882,0.988740168,0.006898602,0.98089172,0.99378882,0.988740168,0.006898602,0.98089172,0.99378882,0.913401961,0.064595274,0.828415301,0.959920339,0.827187421,0.128677068,0.65795207,0.919860627,0.042426592,0.002361214,0.038216561,0.04375,0.931154613,0.099463631,0.759381898,1,0.854753297,0.1830665,0.54487038,1
identities,lgbtqqia+,5,0.962707578,0.017884869,0.944444444,0.987261146,0.823412698,0.07518768,0.75,0.928571429,0.752380952,0.211918138,0.5,1,0.773044484,0.127268906,0.636363636,0.928571429,0.962707578,0.017884869,0.944444444,0.987261146,0.962707578,0.017884869,0.944444444,0.987261146,0.962707578,0.017884869,0.944444444,0.987261146,0.876348004,0.06827327,0.804848485,0.960789211,0.753255402,0.135953697,0.611814346,0.921578422,0.089877758,0.002867034,0.086956522,0.093167702,0.967258098,0.031466411,0.920310982,0.998001998,0.835997842,0.125468274,0.703290479,0.984126984
identities,men,5,0.95012766,0.017927735,0.919254658,0.962732919,0.943626482,0.018872289,0.913043478,0.956521739,0.748148148,0.109243564,0.555555556,0.814814815,0.830963455,0.076390695,0.697674419,0.88,0.95012766,0.017927735,0.919254658,0.962732919,0.95012766,0.017927735,0.919254658,0.962732919,0.95012766,0.017927735,0.919254658,0.962732919,0.900840886,0.043227393,0.825539718,0.928970588,0.802554059,0.08502597,0.654563459,0.858108108,0.168558983,0.002046495,0.166666667,0.171974522,0.946548417,0.032406678,0.907960199,0.991168091,0.897416433,0.049934607,0.828770451,0.966635636
identities,multiple (or other specific) religious or minority groups,5,0.985068995,0.005465762,0.98136646,0.993630573,0.4,0.547722558,0,1,0.166666667,0.23570226,0,0.5,0.233333333,0.324893145,0,0.666666667,0.985068995,0.005465762,0.98136646,0.993630573,0.985068995,0.005465762,0.98136646,0.993630573,0.985068995,0.005465762,0.98136646,0.993630573,0.612896755,0.163788958,0.495297806,0.831725616,0.23181594,0.322971814,0,0.663811563,0.017454891,0.002637615,0.012738854,0.01875,0.893082676,0.089579254,0.744725738,0.974193548,0.455742917,0.249572739,0.053172115,0.695238095
identities,muslims,5,0.986272603,0.010267168,0.96875,0.99382716,0.946428571,0.073626886,0.857142857,1,0.738095238,0.272512456,0.285714286,1,0.795468975,0.200232442,0.444444444,0.933333333,0.986272603,0.010267168,0.96875,0.99382716,0.986272603,0.010267168,0.96875,0.99382716,0.986272603,0.010267168,0.96875,0.99382716,0.894178601,0.102724751,0.714183637,0.965048544,0.789415157,0.203248511,0.433427762,0.930112166,0.042426592,0.002361214,0.038216561,0.04375,0.966808783,0.040900287,0.902894491,1,0.892369135,0.102320089,0.749207375,1
identities,"people with an immigration background, including immigrants",5,0.941510547,0.021461889,0.919254658,0.974522293,0.964675325,0.039073431,0.909090909,1,0.818181818,0.083505332,0.75,0.909090909,0.88296345,0.047221134,0.835443038,0.952380952,0.941510547,0.021461889,0.919254658,0.974522293,0.941510547,0.021461889,0.919254658,0.974522293,0.941510547,0.021461889,0.919254658,0.974522293,0.921964933,0.030482496,0.890972548,0.967494824,0.844516661,0.060509033,0.782861293,0.935043442,0.274688713,0.003335029,0.271604938,0.280254777,0.967268594,0.039833189,0.897047397,0.996379726,0.957084465,0.035596886,0.898226635,0.991722468
identities,women,5,0.928811011,0.029121395,0.888198758,0.962732919,0.959267933,0.022192831,0.93442623,0.983606557,0.862237762,0.066756667,0.772727273,0.923076923,0.907079832,0.040334587,0.85,0.952380952,0.928811011,0.029121395,0.888198758,0.962732919,0.928811011,0.029121395,0.888198758,0.962732919,0.928811011,0.029121395,0.888198758,0.962732919,0.924673861,0.031519055,0.880445545,0.960884354,0.849846133,0.062467547,0.76230315,0.921819359,0.407032381,0.005057707,0.401234568,0.414012739,0.964198114,0.034491649,0.913476874,0.990544872,0.955719715,0.035025491,0.918367083,0.988891249
business_activity,entrepreneurs (SMEs),5,0.9006271,0.022029981,0.872340426,0.925531915,0.59004329,0.352174546,0,0.857142857,0.366666667,0.209165007,0,0.5,0.447037885,0.253741808,0,0.631578947,0.9006271,0.022029981,0.872340426,0.925531915,0.9006271,0.022029981,0.872340426,0.925531915,0.9006271,0.022029981,0.872340426,0.925531915,0.696057602,0.13121672,0.465909091,0.795079415,0.40436726,0.242856132,-0.019891501,0.593325093,0.124725644,0.004346001,0.117021277,0.127659574,0.835819331,0.114171343,0.670317634,0.978658537,0.646324304,0.209813144,0.311583694,0.884891729
business_activity,entrepreneurs (large enterprises),5,0.858454647,0.054483858,0.789473684,0.936170213,0.965714286,0.048022104,0.9,1,0.6,0.145572684,0.40625,0.8125,0.733681123,0.120429176,0.565217391,0.896551724,0.858454647,0.054483858,0.789473684,0.936170213,0.858454647,0.054483858,0.789473684,0.936170213,0.858454647,0.054483858,0.789473684,0.936170213,0.818523412,0.077487679,0.713164251,0.925198939,0.64710956,0.145968759,0.453080023,0.851108765,0.338275476,0.001962724,0.336842105,0.340425532,0.868369176,0.044508735,0.803427419,0.920362903,0.861286173,0.050883046,0.801591509,0.927467629
business_activity,entrepreneurs in [specific] sector,5,0.672340426,0.035245727,0.610526316,0.694736842,0.94345379,0.035214702,0.913043478,1,0.579411765,0.04719649,0.5,0.617647059,0.716862942,0.038899031,0.647619048,0.738738739,0.672340426,0.035245727,0.610526316,0.694736842,0.672340426,0.035245727,0.610526316,0.694736842,0.672340426,0.035245727,0.610526316,0.694736842,0.663239215,0.033573315,0.606162465,0.689787186,0.376541477,0.055556602,0.288893385,0.433244188,0.718835386,0.004170788,0.715789474,0.723404255,0.768912351,0.047775826,0.735294118,0.844457014,0.904518763,0.022219457,0.883892564,0.940865191
age_family,couples,5,0.986701783,0.010893887,0.975609756,1,0.895,0.100623059,0.8,1,0.778571429,0.214880128,0.571428571,1,0.824761905,0.152915728,0.666666667,1,0.986701783,0.010893887,0.975609756,1,0.986701783,0.010893887,0.975609756,1,0.986701783,0.010893887,0.975609756,1,0.908924527,0.079276156,0.827004219,1,0.818023609,0.158374056,0.654373024,1,0.043157919,0.002404978,0.041176471,0.047337278,0.98706072,0.023876434,0.944846293,1,0.86097267,0.185373441,0.614330469,1
age_family,elderly,5,0.975971464,0.010411688,0.96969697,0.99408284,0.843333333,0.150738921,0.666666667,1,0.542857143,0.211891385,0.285714286,0.857142857,0.639005439,0.179321949,0.444444444,0.923076923,0.975971464,0.010411688,0.96969697,0.99408284,0.975971464,0.010411688,0.96969697,0.99408284,0.975971464,0.010411688,0.96969697,0.99408284,0.813283834,0.092142497,0.714669352,0.96,0.627854097,0.182879353,0.434087883,0.92001893,0.041974487,0.000649236,0.041176471,0.042682927,0.925894579,0.099609632,0.755477651,0.995590829,0.778109285,0.132306921,0.59822244,0.94047619
age_family,middle-aged and pre-retirement age groups,5,0.980791422,0.002905018,0.975609756,0.982352941,0.466666667,0.447213595,0,1,0.25,0.25,0,0.5,0.308571429,0.290249717,0,0.571428571,0.980791422,0.002905018,0.975609756,0.982352941,0.980791422,0.002905018,0.975609756,0.982352941,0.980791422,0.002905018,0.975609756,0.982352941,0.649408698,0.145552441,0.49382716,0.781209781,0.303841331,0.28574199,0,0.562607204,0.022780602,0.00265732,0.018072289,0.024390244,0.948533894,0.055284546,0.866459627,0.990909091,0.593523329,0.237555557,0.213756614,0.85
age_family,minors,5,0.896928014,0.013119368,0.882352941,0.915151515,0.90453541,0.0540487,0.82278481,0.965517241,0.848405797,0.056440989,0.8,0.942028986,0.873063735,0.016500742,0.850746269,0.895522388,0.896928014,0.013119368,0.882352941,0.915151515,0.896928014,0.013119368,0.882352941,0.915151515,0.896928014,0.013119368,0.882352941,0.915151515,0.893000266,0.013376212,0.876829445,0.912046908,0.786550666,0.026792623,0.75397974,0.824334601,0.418540046,0.006599975,0.411764706,0.426829268,0.949736028,0.030413063,0.905285714,0.982683983,0.938251517,0.031876108,0.899567321,0.979901591
age_family,parents and families,5,0.94951944,0.012224273,0.93373494,0.964705882,0.934208494,0.062556365,0.864864865,1,0.842105263,0.018608073,0.815789474,0.868421053,0.88457642,0.023112991,0.853333333,0.914285714,0.94951944,0.012224273,0.93373494,0.964705882,0.94951944,0.012224273,0.93373494,0.964705882,0.94951944,0.012224273,0.93373494,0.964705882,0.926124778,0.015634457,0.905265888,0.946031746,0.85237664,0.031378375,0.810541606,0.892268695,0.227861499,0.003524425,0.223529412,0.231707317,0.967113685,0.01566745,0.947779605,0.98915227,0.935477094,0.033247611,0.887844757,0.974518273
age_family,singles,5,0.994018338,0.004260379,0.987951807,1,0.902857143,0.091696037,0.8,1,0.92,0.109544512,0.8,1,0.907008547,0.072358391,0.8,1,0.994018338,0.004260379,0.987951807,1,0.994018338,0.004260379,0.987951807,1,0.994018338,0.004260379,0.987951807,1,0.951958126,0.037255262,0.89689441,1,0.903931706,0.074510157,0.79378882,1,0.032341679,0.002794514,0.030120482,0.035502959,0.990771739,0.01325911,0.97125,1,0.908309524,0.133686299,0.705833333,1
age_family,youth,5,0.922220141,0.018696352,0.903614458,0.945454545,0.91121312,0.056751495,0.848484848,0.964285714,0.880645161,0.045045936,0.806451613,0.919354839,0.893832044,0.025075553,0.869565217,0.925619835,0.922220141,0.018696352,0.903614458,0.945454545,0.922220141,0.018696352,0.903614458,0.945454545,0.922220141,0.018696352,0.903614458,0.945454545,0.916169298,0.019902833,0.898284314,0.941278817,0.832569152,0.039695205,0.796693203,0.882599415,0.371774024,0.005750378,0.364705882,0.37804878,0.955878369,0.015170701,0.931916873,0.971208924,0.935874648,0.041871878,0.863743787,0.963403588
labor_market_w_entrepreneurs,CEOs and corporate leaders,5,0.962289394,0.009903012,0.95045045,0.977477477,0.855462185,0.144991471,0.705882353,1,0.525714286,0.188820182,0.357142857,0.8,0.630331263,0.130582789,0.476190476,0.782608696,0.962289394,0.009903012,0.95045045,0.977477477,0.962289394,0.009903012,0.95045045,0.977477477,0.962289394,0.009903012,0.95045045,0.977477477,0.805217334,0.067623812,0.725092874,0.885366106,0.612480138,0.133820684,0.45320197,0.771322621,0.064630276,0.002339047,0.062780269,0.067873303,0.935650882,0.026286412,0.913118132,0.976935229,0.721994455,0.076311311,0.636586021,0.792791394
labor_market_w_entrepreneurs,civil servants,5,0.984748319,0.00875773,0.977477477,1,0.955555556,0.099380799,0.777777778,1,0.684444444,0.212219314,0.444444444,1,0.778632479,0.139008824,0.615384615,1,0.984748319,0.00875773,0.977477477,1,0.984748319,0.00875773,0.977477477,1,0.984748319,0.00875773,0.977477477,1,0.885365169,0.071694904,0.801891844,1,0.771322451,0.142815342,0.60554371,1,0.042187296,0.002365696,0.040358744,0.045248869,0.971369035,0.032080113,0.919905213,1,0.878076801,0.073371581,0.808847771,1
labor_market_w_entrepreneurs,employers,5,0.983835225,0.006866637,0.972850679,0.990990991,0.884615385,0.080752409,0.785714286,1,0.854945055,0.068692307,0.785714286,0.923076923,0.866964591,0.051228091,0.785714286,0.923076923,0.983835225,0.006866637,0.972850679,0.990990991,0.983835225,0.006866637,0.972850679,0.990990991,0.983835225,0.006866637,0.972850679,0.990990991,0.929179141,0.027447218,0.885610766,0.959146117,0.858382107,0.054902753,0.771221532,0.918292234,0.061038541,0.002318129,0.058558559,0.063348416,0.965263932,0.03000729,0.931331953,0.997791682,0.881513107,0.072860003,0.778023366,0.975708502
labor_market_w_entrepreneurs,entrepreneur,5,0.832120327,0.032781163,0.797297297,0.882882883,0.910548988,0.05151983,0.822222222,0.948051948,0.680767544,0.087657928,0.572916667,0.770833333,0.77508842,0.053270987,0.709677419,0.848837209,0.832120327,0.032781163,0.797297297,0.882882883,0.832120327,0.032781163,0.797297297,0.882882883,0.832120327,0.032781163,0.797297297,0.882882883,0.82028197,0.037699994,0.776984038,0.876624487,0.646289461,0.071353013,0.567195217,0.754946081,0.430004307,0.003774233,0.424778761,0.43438914,0.921115038,0.031244938,0.87202381,0.949937837,0.91466131,0.032406488,0.876967643,0.951358166
labor_market_w_entrepreneurs,housewife and househusband,5,1,0,1,1,1,0,1,1,1,0,1,1,1,0,1,1,1,0,1,1,1,0,1,1,1,0,1,1,1,0,1,1,1,0,1,1,0.018859361,0.002108792,0.017699115,0.022624434,1,0,1,1,1,0,1,1
labor_market_w_entrepreneurs,retirees,5,0.990117867,0.004945972,0.981981982,0.995515695,0.81,0.207364414,0.5,1,0.66,0.147478812,0.5,0.8,0.714761905,0.138938313,0.5,0.857142857,0.990117867,0.004945972,0.981981982,0.995515695,0.990117867,0.004945972,0.981981982,0.995515695,0.990117867,0.004945972,0.981981982,0.995515695,0.854865622,0.07064505,0.745412844,0.927432476,0.709841527,0.141259973,0.490825688,0.854912167,0.018859361,0.002108792,0.017699115,0.022624434,0.958792321,0.080357796,0.815068493,0.996621622,0.806260375,0.054533025,0.743333333,0.861111111
labor_market_w_entrepreneurs,self-employed and freelancers,5,0.993717682,0.00512003,0.986547085,1,0.88,0.178885438,0.6,1,0.766666667,0.272590454,0.333333333,1,0.782539683,0.19838095,0.5,1,0.993717682,0.00512003,0.986547085,1,0.993717682,0.00512003,0.986547085,1,0.993717682,0.00512003,0.986547085,1,0.889673178,0.100244554,0.747727273,1,0.779607687,0.20007969,0.496598639,1,0.016152582,0.002413335,0.013513514,0.018099548,0.996882842,0.003791943,0.99238965,1,0.861666667,0.168077363,0.666666667,1
labor_market_w_entrepreneurs,unemployed,5,0.982938725,0.006699327,0.972972973,0.990950226,0.9,0.104582503,0.75,1,0.709090909,0.07793831,0.6,0.818181818,0.792865497,0.087011177,0.666666667,0.9,0.982938725,0.006699327,0.972972973,0.990950226,0.982938725,0.006699327,0.972972973,0.990950226,0.982938725,0.006699327,0.972972973,0.990950226,0.891983977,0.045245679,0.82629108,0.947630332,0.784098312,0.090456001,0.652763295,0.895310279,0.046675892,0.002359137,0.044843049,0.049773756,0.968212823,0.014386367,0.954460094,0.988679245,0.855393204,0.079827685,0.742879626,0.918991899
labor_market_w_entrepreneurs,wage and salary earners,5,0.910136017,0.021310896,0.882352941,0.933628319,0.946973363,0.025006199,0.918918919,0.971830986,0.8169279,0.038688249,0.772727273,0.863636364,0.876887653,0.029556533,0.839506173,0.910179641,0.910136017,0.021310896,0.882352941,0.933628319,0.910136017,0.021310896,0.882352941,0.933628319,0.910136017,0.021310896,0.882352941,0.933628319,0.903060453,0.023096789,0.873324515,0.928774031,0.806792307,0.045876598,0.747739046,0.857790083,0.392297778,0.003472689,0.389380531,0.398190045,0.957864549,0.013546737,0.944634313,0.974555336,0.950680729,0.018561423,0.930704136,0.973627613
