outlet;category;total_N;total_pct;1995_N;1995_pct;1996_N;1996_pct;1997_N;1997_pct;1998_N;1998_pct;1999_N;1999_pct;2000_N;2000_pct;2001_N;2001_pct;2002_N;2002_pct;2003_N;2003_pct;2004_N;2004_pct;2005_N;2005_pct;2006_N;2006_pct;2007_N;2007_pct;2008_N;2008_pct;2009_N;2009_pct;2010_N;2010_pct;2011_N;2011_pct;2012_N;2012_pct;2013_N;2013_pct;2014_N;2014_pct;2015_N;2015_pct;2016_N;2016_pct;2017_N;2017_pct;2018_N;2018_pct;2019_N;2019_pct;2020_N;2020_pct;2021_N;2021_pct;2022_N;2022_pct;2023_N;2023_pct;2024_N;2024_pct;2025_N;2025_pct
bild;age_and_family_status;421456;1.546;;;;;;;;;;;;;;;;;;;;;;;6429.0;1.6689;9645.0;1.6392;20941.0;1.5694;28230.0;1.7096;31928.0;1.7159;26344.0;1.5351;24263.0;1.4966;24798.0;1.4892;23850.0;1.4358;27847;1.6259;28152.0;1.3632;25282;1.2444;23207;1.4548;24714;1.5639;27413;1.923;25490.0;1.7656;18808.0;1.3126;22429.0;1.5673;898.0;4.3288;788.0;1.9918
bild;identities;258909;0.9497;;;;;;;;;;;;;;;;;;;;;;;2476.0;0.6427;3419.0;0.5811;7544.0;0.5654;11731.0;0.7104;14401.0;0.774;12606.0;0.7346;12048.0;0.7432;13854.0;0.832;13008.0;0.7831;26811;1.5654;31726.0;1.5363;19849;0.977;17604;1.1036;15188;0.9611;14817;1.0394;14248.0;0.9869;12179.0;0.85;14667.0;1.0249;337.0;1.6245;396.0;1.0009
bild;labor_market_position;586822;2.1526;;;;;;;;;;;;;;;;;;;;;;;7147.0;1.8553;11415.0;1.9401;25115.0;1.8823;43658.0;2.644;48252.0;2.5932;42173.0;2.4575;37306.0;2.3012;37635.0;2.2601;30821.0;1.8555;32274;1.8844;52058.0;2.5208;44938;2.2119;29165;1.8283;31820;2.0136;31461;2.207;28423.0;1.9688;25183.0;1.7575;27151.0;1.8973;262.0;1.263;565.0;1.4281
bild;profession;1804042;6.6175;;;;;;;;;;;;;;;;;;;;;;;20553.0;5.3354;30510.0;5.1854;81652.0;6.1195;106721.0;6.4631;118426.0;6.3646;110861.0;6.46;108291.0;6.6798;110953.0;6.6632;88536.0;5.3299;92779;5.4172;143333.0;6.9406;148426;7.3056;108813;6.8212;115229;7.2917;104189;7.309;108087.0;7.487;97356.0;6.7946;108164.0;7.5585;534.0;2.5741;629.0;1.5899
bild;real_estate_ownership;52987;0.1944;;;;;;;;;;;;;;;;;;;;;;;570.0;0.148;836.0;0.1421;1957.0;0.1467;2591.0;0.1569;4066.0;0.2185;3402.0;0.1982;3097.0;0.191;3478.0;0.2089;3077.0;0.1852;3269;0.1909;3684.0;0.1784;3824;0.1882;3957;0.2481;4453;0.2818;2222;0.1559;2314.0;0.1603;2758.0;0.1925;3309.0;0.2312;43.0;0.2073;80.0;0.2022
bild;social_deviance;210585;0.7725;;;;;;;;;;;;;;;;;;;;;;;2026.0;0.5259;2526.0;0.4293;6673.0;0.5001;10954.0;0.6634;13845.0;0.7441;15035.0;0.8761;14525.0;0.896;12932.0;0.7766;12507.0;0.7529;14453;0.8439;17310.0;0.8382;16212;0.798;12631;0.7918;13172;0.8335;11502;0.8069;10301.0;0.7135;10237.0;0.7144;13606.0;0.9508;90.0;0.4338;48.0;0.1213
bild;social_roles_and_behavior;303814;1.1144;;;;;;;;;;;;;;;;;;;;;;;5618.0;1.4584;8547.0;1.4526;17256.0;1.2933;20458.0;1.2389;21188.0;1.1387;20094.0;1.1709;18445.0;1.1378;18506.0;1.1114;19791.0;1.1914;20608;1.2033;21390.0;1.0358;19772;0.9732;17129;1.0738;17203;1.0886;14651;1.0278;13254.0;0.9181;13508.0;0.9427;15322.0;1.0707;653.0;3.1477;421.0;1.0641
bild;socio_economic_position;325088;1.1925;;;;;;;;;;;;;;;;;;;;;;;3560.0;0.9241;5731.0;0.974;14443.0;1.0824;20869.0;1.2638;24397.0;1.3112;21492.0;1.2524;19639.0;1.2114;19964.0;1.1989;18452.0;1.1108;19081;1.1141;30615.0;1.4825;26206;1.2899;17805;1.1162;19737;1.249;17229;1.2086;15141.0;1.0488;14610.0;1.0196;15489.0;1.0824;185.0;0.8918;443.0;1.1197
faz;age_and_family_status;25987;1.2052;;;;;;;;;;;;;;;;;;;;;;;;;;;;;;;;;;;;;;;;;4526;1.2253;;;3950;1.0993;2693;1.1462;4433;1.233;6234;1.3792;4150.0;1.0891;;;;;;;;
faz;identities;33731;1.5643;;;;;;;;;;;;;;;;;;;;;;;;;;;;;;;;;;;;;;;;;7722;2.0905;;;4872;1.3559;3544;1.5084;4338;1.2066;5895;1.3042;7359.0;1.9313;;;;;;;;
faz;labor_market_position;95638;4.4354;;;;;;;;;;;;;;;;;;;;;;;;;;;;;;;;;;;;;;;;;16359;4.4287;;;15504;4.3147;9946;4.2333;15393;4.2814;21846;4.8332;16586.0;4.3528;;;;;;;;
faz;profession;148099;6.8684;;;;;;;;;;;;;;;;;;;;;;;;;;;;;;;;;;;;;;;;;21517;5.825;;;24459;6.8069;16935;7.2081;27327;7.6007;33855;7.4901;24006.0;6.3001;;;;;;;;
faz;real_estate_ownership;4339;0.2012;;;;;;;;;;;;;;;;;;;;;;;;;;;;;;;;;;;;;;;;;709;0.1919;;;632;0.1759;454;0.1932;796;0.2214;1062;0.235;686.0;0.18;;;;;;;;
faz;social_deviance;12677;0.5879;;;;;;;;;;;;;;;;;;;;;;;;;;;;;;;;;;;;;;;;;2045;0.5536;;;2054;0.5716;1306;0.5559;2258;0.628;2768;0.6124;2246.0;0.5894;;;;;;;;
faz;social_roles_and_behavior;15995;0.7418;;;;;;;;;;;;;;;;;;;;;;;;;;;;;;;;;;;;;;;;;2746;0.7434;;;2477;0.6893;1780;0.7576;2816;0.7832;3422;0.7571;2754.0;0.7228;;;;;;;;
faz;socio_economic_position;50455;2.34;;;;;;;;;;;;;;;;;;;;;;;;;;;;;;;;;;;;;;;;;8516;2.3054;;;8322;2.316;5224;2.2235;8141;2.2643;11180;2.4735;9071.0;2.3806;;;;;;;;
figaro;age_and_family_status;223337;3.0517;;;;;;;;;;;19333.0;3.168;23565.0;3.0988;23310.0;3.1259;21834.0;3.0618;23681.0;3.0166;25863.0;3.3237;33794.0;3.2197;20006.0;2.7879;638.0;2.6874;840.0;2.4826;2128.0;2.5628;1890.0;2.4178;2109.0;2.5561;5190.0;3.2498;5361.0;3.3076;1635;2.6014;1526.0;2.2961;1348;2.1839;1653;2.5989;1693;2.6379;1714;2.7701;1776.0;2.933;1517.0;2.6111;933.0;2.5831;;;;
figaro;identities;138363;1.8906;;;;;;;;;;;9299.0;1.5238;12427.0;1.6342;13623.0;1.8268;13663.0;1.916;16756.0;2.1344;17081.0;2.1951;22086.0;2.1042;13265.0;1.8485;472.0;1.9882;703.0;2.0777;1240.0;1.4934;1145.0;1.4647;1228.0;1.4883;3117.0;1.9517;3155.0;1.9465;1152;1.8329;1132.0;1.7033;903;1.463;1147;1.8033;1060;1.6516;1154;1.8651;1099.0;1.815;878.0;1.5112;578.0;1.6002;;;;
figaro;labor_market_position;611702;8.3583;;;;;;;;;;;64613.0;10.5878;75613.0;9.9432;69143.0;9.272;58010.0;8.1349;46121.0;5.875;54240.0;6.9705;76873.0;7.3239;54462.0;7.5894;965.0;4.0649;1943.0;5.7424;8145.0;9.8094;7122.0;9.1108;7877.0;9.5467;16703.0;10.4587;16497.0;10.1781;6557;10.4326;7053.0;10.6122;6393;10.3574;6417;10.0888;6209;9.6742;6153;9.9444;5849.0;9.6595;5377.0;9.2549;3367.0;9.3217;;;;
figaro;profession;1152657;15.75;;;;;;;;;;;89383.0;14.6468;115418.0;15.1776;119650.0;16.045;107389.0;15.0594;128111.0;16.3192;122093.0;15.6904;163504.0;15.5776;125176.0;17.4436;5920.0;24.9368;6961.0;20.5728;12032.0;14.4906;11145.0;14.2572;13130.0;15.9132;23763.0;14.8794;25598.0;15.7931;10062;16.0093;10722.0;16.1328;10018;16.2303;9908;15.5774;10085;15.7134;8772;14.1772;9587.0;15.8327;8990.0;15.4736;5240.0;14.5072;;;;
figaro;real_estate_ownership;7759;0.106;;;;;;;;;;;793.0;0.1299;918.0;0.1207;821.0;0.1101;609.0;0.0854;630.0;0.0803;800.0;0.1028;894.0;0.0852;752.0;0.1048;28.0;0.1179;42.0;0.1241;69.0;0.0831;81.0;0.1036;80.0;0.097;233.0;0.1459;238.0;0.1468;87;0.1384;83.0;0.1249;87;0.141;123;0.1934;89;0.1387;71;0.1147;79.0;0.1305;97.0;0.167;55.0;0.1523;;;;
figaro;social_deviance;26295;0.3593;;;;;;;;;;;2223.0;0.3643;3158.0;0.4153;3200.0;0.4291;2821.0;0.3956;2675.0;0.3408;2565.0;0.3296;3758.0;0.358;2344.0;0.3266;113.0;0.476;154.0;0.4551;214.0;0.2577;229.0;0.2929;229.0;0.2775;716.0;0.4483;494.0;0.3048;157;0.2498;163.0;0.2453;137;0.222;166;0.261;181;0.282;175;0.2828;188.0;0.3105;149.0;0.2565;86.0;0.2381;;;;
figaro;social_roles_and_behavior;116995;1.5986;;;;;;;;;;;10252.0;1.6799;12221.0;1.6071;12400.0;1.6628;12173.0;1.707;13375.0;1.7038;12605.0;1.6199;16568.0;1.5785;10876.0;1.5156;278.0;1.171;371.0;1.0965;1238.0;1.491;1174.0;1.5018;1309.0;1.5865;2343.0;1.4671;2531.0;1.5615;864;1.3747;848.0;1.2759;756;1.2248;849;1.3348;1027;1.6002;758;1.2251;803.0;1.3261;842.0;1.4493;534.0;1.4784;;;;
figaro;socio_economic_position;153028;2.091;;;;;;;;;;;16441.0;2.6941;18558.0;2.4404;17560.0;2.3548;14384.0;2.0171;11593.0;1.4768;12652.0;1.6259;20350.0;1.9388;14301.0;1.9929;199.0;0.8382;383.0;1.1319;1690.0;2.0353;1635.0;2.0916;1755.0;2.127;4132.0;2.5873;4281.0;2.6412;1570;2.498;1591.0;2.3939;1549;2.5096;1518;2.3866;1578;2.4587;1414;2.2853;1526.0;2.5201;1470.0;2.5302;898.0;2.4862;;;;
lemonde;age_and_family_status;250904;1.7427;6286.0;1.5198;6132.0;1.6327;7123.0;1.7591;7242.0;1.6697;6794.0;1.6783;9182.0;1.8078;13731.0;1.5352;12421.0;1.6805;7596.0;1.4936;7568.0;1.5072;8905.0;1.9594;7263.0;1.9485;6736.0;1.7377;6185.0;1.4365;6663.0;1.5609;7538.0;1.5426;9556.0;1.7297;9870.0;1.6924;9699.0;1.8595;8315.0;1.6922;9217;1.7367;8828.0;1.7513;9874;1.9602;9879;2.0338;10233;2.0525;10645;2.1228;11377.0;2.4529;10386.0;2.1126;5660.0;1.0818;;;;
lemonde;identities;168477;1.1702;4026.0;0.9734;3795.0;1.0104;5415.0;1.3373;4230.0;0.9753;3775.0;0.9325;4612.0;0.908;8281.0;0.9259;8505.0;1.1507;5561.0;1.0934;5412.0;1.0778;5711.0;1.2566;4619.0;1.2392;4896.0;1.263;4345.0;1.0092;4991.0;1.1692;5006.0;1.0244;6432.0;1.1643;6821.0;1.1696;6214.0;1.1913;5681.0;1.1561;8464;1.5948;7895.0;1.5662;6759;1.3418;6261;1.289;6055;1.2145;7967;1.5888;6835.0;1.4736;6611.0;1.3447;3302.0;0.6311;;;;
lemonde;labor_market_position;504300;3.5027;18025.0;4.3581;16340.0;4.3506;18314.0;4.5229;17386.0;4.0085;16263.0;4.0173;22447.0;4.4195;30655.0;3.4274;27625.0;3.7375;17241.0;3.39;15440.0;3.075;16205.0;3.5657;13308.0;3.5702;14940.0;3.8541;15107.0;3.5087;16669.0;3.905;14985.0;3.0665;17006.0;3.0783;20426.0;3.5025;19151.0;3.6716;17351.0;3.531;16013;3.0173;16732.0;3.3192;16264;3.2287;16898;3.4788;16980;3.4058;17326;3.4551;14751.0;3.1803;14396.0;2.9283;10056.0;1.922;;;;
lemonde;profession;967123;6.7174;26525.0;6.4132;23683.0;6.3057;27667.0;6.8328;37605.0;8.6702;27514.0;6.7965;35185.0;6.9275;74023.0;8.2763;49143.0;6.6488;29642.0;5.8284;37824.0;7.5328;27361.0;6.0204;24595.0;6.5982;26213.0;6.7623;32982.0;7.6603;25433.0;5.9581;35194.0;7.202;39519.0;7.1534;41101.0;7.0476;34188.0;6.5544;34473.0;7.0155;40055;7.5475;33027.0;6.5517;34141;6.7776;29173;6.0058;30869;6.1916;31334;6.2485;28454.0;6.1347;32789.0;6.6695;17411.0;3.3277;;;;
lemonde;real_estate_ownership;14409;0.1001;440.0;0.1064;495.0;0.1318;556.0;0.1373;379.0;0.0874;292.0;0.0721;448.0;0.0882;622.0;0.0695;828.0;0.112;364.0;0.0716;385.0;0.0767;528.0;0.1162;323.0;0.0867;411.0;0.106;420.0;0.0975;406.0;0.0951;442.0;0.0904;429.0;0.0777;498.0;0.0854;481.0;0.0922;562.0;0.1144;619;0.1166;703.0;0.1395;627;0.1245;748;0.154;580;0.1163;495;0.0987;458.0;0.0987;514.0;0.1046;356.0;0.068;;;;
lemonde;social_deviance;48910;0.3397;1353.0;0.3271;1363.0;0.3629;1535.0;0.3791;1375.0;0.317;1353.0;0.3342;1856.0;0.3654;2790.0;0.3119;3037.0;0.4109;1650.0;0.3244;1772.0;0.3529;1712.0;0.3767;1502.0;0.4029;1313.0;0.3387;1332.0;0.3094;1546.0;0.3622;1638.0;0.3352;1793.0;0.3246;1892.0;0.3244;1992.0;0.3819;1438.0;0.2926;2050;0.3863;1521.0;0.3017;1676;0.3327;1957;0.4029;1723;0.3456;1529;0.3049;1646.0;0.3549;1683.0;0.3423;883.0;0.1688;;;;
lemonde;social_roles_and_behavior;105875;0.7354;2300.0;0.5561;2253.0;0.5999;2470.0;0.61;2720.0;0.6271;2914.0;0.7198;3598.0;0.7084;5241.0;0.586;4631.0;0.6265;3380.0;0.6646;3032.0;0.6038;3049.0;0.6709;2610.0;0.7002;2690.0;0.694;2246.0;0.5217;2538.0;0.5946;3347.0;0.6849;3975.0;0.7195;4531.0;0.7769;4263.0;0.8173;3626.0;0.7379;3558;0.6704;4304.0;0.8538;5254;1.043;5954;1.2257;5295;1.0621;4673;0.9319;4234.0;0.9129;4303.0;0.8753;2886.0;0.5516;;;;
lemonde;socio_economic_position;203647;1.4145;5472.0;1.323;5331.0;1.4194;5674.0;1.4013;5978.0;1.3783;6137.0;1.516;8321.0;1.6383;12469.0;1.3941;10350.0;1.4003;5926.0;1.1652;5884.0;1.1718;6257.0;1.3768;5513.0;1.479;5656.0;1.4591;6464.0;1.5013;6538.0;1.5316;6625.0;1.3557;7833.0;1.4179;8751.0;1.5005;7762.0;1.4881;7682.0;1.5633;7601;1.4322;7075.0;1.4035;7843;1.557;7762;1.598;7804;1.5653;7282;1.4522;6973.0;1.5034;6562.0;1.3348;4122.0;0.7878;;;;
leparisien;age_and_family_status;458727;3.1571;;;;;;;;;;;16837.0;3.4133;23236.0;3.1007;23279.0;3.1533;20791.0;3.7536;20023.0;3.6725;22871.0;4.0586;22627.0;4.1375;16125.0;3.8223;26596.0;2.7853;19910.0;3.3654;20910.0;3.1617;18667.0;2.8703;18936.0;2.8513;20672.0;3.1222;19460.0;2.8526;24876;3.342;26391.0;3.5644;22276;3.4048;19743;3.3424;9555;3.2527;18792;2.6189;11587.0;2.2142;7703.0;1.8731;6864.0;1.8271;;;;
leparisien;identities;149678;1.0301;;;;;;;;;;;3087.0;0.6258;4980.0;0.6646;6126.0;0.8298;5941.0;1.0726;5652.0;1.0367;6401.0;1.1359;6698.0;1.2248;5022.0;1.1904;7608.0;0.7968;5685.0;0.961;6707.0;1.0141;6583.0;1.0122;6491.0;0.9774;7221.0;1.0906;6605.0;0.9682;10412;1.3988;9396.0;1.269;6986;1.0678;6324;1.0706;2991;1.0182;9197;1.2817;6130.0;1.1714;4170.0;1.014;3265.0;0.8691;;;;
leparisien;labor_market_position;490962;3.3789;;;;;;;;;;;16608.0;3.3669;24141.0;3.2215;23699.0;3.2102;21722.0;3.9217;19467.0;3.5706;22132.0;3.9275;21387.0;3.9107;15873.0;3.7626;29311.0;3.0696;24031.0;4.062;23596.0;3.5678;21553.0;3.3141;22420.0;3.3759;23677.0;3.576;22179.0;3.2512;25189;3.3841;25454.0;3.4379;21013;3.2118;20656;3.497;10300;3.5063;23385;3.259;12877.0;2.4607;10415.0;2.5326;9877.0;2.6291;;;;
leparisien;profession;1164464;8.0142;;;;;;;;;;;33364.0;6.7637;56092.0;7.4852;60356.0;8.1756;47131.0;8.509;47224.0;8.6616;45406.0;8.0576;46201.0;8.4481;38990.0;9.2423;67296.0;7.0476;46821.0;7.9143;53087.0;8.0269;54584.0;8.3931;58022.0;8.7367;54660.0;8.2555;60436.0;8.8592;65894;8.8527;59304.0;8.0098;56604;8.6518;47671;8.0706;24280;8.2653;49449;6.8914;34406.0;6.5749;30091.0;7.3172;27095.0;7.2122;;;;
leparisien;real_estate_ownership;53547;0.3685;;;;;;;;;;;2049.0;0.4154;2749.0;0.3668;2930.0;0.3969;3119.0;0.5631;2842.0;0.5213;2975.0;0.5279;2617.0;0.4785;1967.0;0.4663;3184.0;0.3334;2378.0;0.402;2559.0;0.3869;2308.0;0.3549;2377.0;0.3579;2607.0;0.3937;2125.0;0.3115;2698;0.3625;2659.0;0.3591;2295;0.3508;2330;0.3945;958;0.3261;1445;0.2014;887.0;0.1695;843.0;0.205;646.0;0.172;;;;
leparisien;social_deviance;56252;0.3871;;;;;;;;;;;1623.0;0.329;2685.0;0.3583;2996.0;0.4058;2757.0;0.4977;2469.0;0.4529;2515.0;0.4463;2349.0;0.4295;1796.0;0.4257;2658.0;0.2784;2291.0;0.3873;2717.0;0.4108;2535.0;0.3898;2482.0;0.3737;3151.0;0.4759;2548.0;0.3735;2903;0.39;2968.0;0.4009;2425;0.3707;2793;0.4728;1321;0.4497;2230;0.3108;1579.0;0.3017;1254.0;0.3049;1207.0;0.3213;;;;
leparisien;social_roles_and_behavior;99320;0.6835;;;;;;;;;;;2645.0;0.5362;4049.0;0.5403;4502.0;0.6098;4446.0;0.8027;4504.0;0.8261;4451.0;0.7899;4224.0;0.7724;3144.0;0.7453;5242.0;0.549;3509.0;0.5931;4494.0;0.6795;4451.0;0.6844;4703.0;0.7082;4887.0;0.7381;4659.0;0.683;4783;0.6426;4977.0;0.6722;4915;0.7512;5021;0.85;2814;0.9579;4202;0.5856;3265.0;0.6239;2892.0;0.7032;2541.0;0.6764;;;;
leparisien;socio_economic_position;250125;1.7214;;;;;;;;;;;8090.0;1.64;10904.0;1.4551;11051.0;1.4969;9671.0;1.746;9781.0;1.794;10603.0;1.8816;10124.0;1.8512;7781.0;1.8444;15942.0;1.6695;11474.0;1.9395;11875.0;1.7955;11821.0;1.8177;12135.0;1.8272;11780.0;1.7792;11510.0;1.6872;13228;1.7771;13108.0;1.7704;11290;1.7256;10814;1.8308;5458;1.858;11895;1.6577;8777.0;1.6773;6086.0;1.4799;4927.0;1.3115;;;;
liberation;age_and_family_status;277927;2.1314;;;;;;;9084.0;1.7397;8901.0;1.6474;10047.0;1.7316;8296.0;1.8399;10606.0;1.9505;8683.0;1.6414;8830.0;1.7286;9810.0;1.9635;10725.0;2.2317;9456.0;2.1062;9392.0;2.1083;8399.0;2.0062;9223.0;2.2107;8902.0;1.9536;9599.0;2.0133;11673.0;2.4353;11589.0;2.2642;10822;1.9925;10521.0;2.1454;10044;2.0007;12087;2.431;11846;2.3962;13724;2.7495;15882.0;2.9037;13812.0;2.3628;15974.0;2.7991;;;;
liberation;identities;206729;1.5854;;;;;;;5831.0;1.1167;5820.0;1.0772;6182.0;1.0654;4496.0;0.9971;7488.0;1.3771;6334.0;1.1973;6817.0;1.3345;6775.0;1.356;7295.0;1.518;6909.0;1.5389;5506.0;1.236;5440.0;1.2994;6379.0;1.529;6141.0;1.3477;7860.0;1.6485;8455.0;1.7639;8939.0;1.7465;12676;2.3338;10921.0;2.227;9338;1.8601;9881;1.9873;8926;1.8056;11048;2.2134;10852.0;1.9841;9788.0;1.6744;10632.0;1.863;;;;
liberation;labor_market_position;147965;1.1347;;;;;;;6151.0;1.178;6344.0;1.1741;7027.0;1.2111;5193.0;1.1517;6057.0;1.1139;6264.0;1.1841;5737.0;1.1231;5686.0;1.1381;5026.0;1.0458;4849.0;1.08;4796.0;1.0766;4845.0;1.1573;4847.0;1.1618;4703.0;1.0321;5425.0;1.1378;5628.0;1.1742;5967.0;1.1658;5097;0.9384;5135.0;1.0471;5066;1.0091;5579;1.1221;5737;1.1605;6021;1.2062;6602.0;1.207;6759.0;1.1563;7424.0;1.3009;;;;
liberation;profession;1045878;8.0207;;;;;;;40858.0;7.825;39251.0;7.2646;38787.0;6.6848;29421.0;6.5249;42338.0;7.7863;35318.0;6.6763;36677.0;7.1802;33393.0;6.6837;33758.0;7.0246;37427.0;8.3362;33434.0;7.5051;33566.0;8.0177;34062.0;8.1644;37537.0;8.2377;44628.0;9.3602;41010.0;8.5558;46567.0;9.0982;46959;8.6458;39361.0;8.0265;45845;9.132;37998;7.6424;41367;8.3678;39942;8.002;48319.0;8.8342;56618.0;9.6856;51437.0;9.0133;;;;
liberation;real_estate_ownership;13715;0.1052;;;;;;;488.0;0.0935;511.0;0.0946;656.0;0.1131;413.0;0.0916;548.0;0.1008;463.0;0.0875;515.0;0.1008;606.0;0.1213;438.0;0.0911;488.0;0.1087;485.0;0.1089;398.0;0.0951;506.0;0.1213;407.0;0.0893;460.0;0.0965;500.0;0.1043;638.0;0.1247;574;0.1057;537.0;0.1095;492;0.098;726;0.146;554;0.1121;440;0.0881;419.0;0.0766;699.0;0.1196;754.0;0.1321;;;;
liberation;social_deviance;62535;0.4796;;;;;;;2236.0;0.4282;2363.0;0.4373;2766.0;0.4767;2191.0;0.4859;2745.0;0.5048;2537.0;0.4796;2397.0;0.4693;2139.0;0.4281;2228.0;0.4636;2008.0;0.4472;2026.0;0.4548;2213.0;0.5286;2327.0;0.5578;2386.0;0.5236;2360.0;0.495;3220.0;0.6718;2694.0;0.5264;2994;0.5512;2262.0;0.4613;2166;0.4315;2473;0.4974;2425;0.4905;2028;0.4063;2578.0;0.4713;2303.0;0.394;2470.0;0.4328;;;;
liberation;social_roles_and_behavior;138380;1.0612;;;;;;;3392.0;0.6496;4053.0;0.7501;4075.0;0.7023;3221.0;0.7143;4207.0;0.7737;4335.0;0.8195;4071.0;0.797;3981.0;0.7968;4126.0;0.8586;3794.0;0.8451;3408.0;0.765;3584.0;0.8561;4051.0;0.971;4398.0;0.9652;4858.0;1.0189;5602.0;1.1687;5518.0;1.0781;8010;1.4747;6717.0;1.3697;7250;1.4442;7624;1.5334;8560;1.7315;6880;1.3783;7422.0;1.357;7494.0;1.282;7749.0;1.3579;;;;
liberation;socio_economic_position;161856;1.2413;;;;;;;5601.0;1.0727;6518.0;1.2064;7460.0;1.2857;5166.0;1.1457;5927.0;1.09;5239.0;0.9903;5659.0;1.1079;6020.0;1.2049;5897.0;1.2271;5853.0;1.3037;6149.0;1.3803;5752.0;1.3739;5868.0;1.4065;6160.0;1.3518;6772.0;1.4203;6263.0;1.3066;6754.0;1.3196;6581;1.2116;5758.0;1.1742;6160;1.227;6442;1.2957;6396;1.2938;6279;1.2579;6662.0;1.218;7249.0;1.2401;7271.0;1.2741;;;;
mediapart;age_and_family_status;29375;1.354;;;;;;;;;;;;;;;;;;;;;;;;;;;310.0;0.7354;399.0;0.7741;461.0;0.909;434.0;0.7831;385.0;0.7271;595.0;0.9203;758.0;0.6541;711;0.6074;975.0;0.7746;892;0.664;1659;1.0604;3606;1.6133;5130;2.0232;4787.0;1.9632;4188.0;1.6982;4085.0;1.739;;;;
mediapart;identities;31824;1.4669;;;;;;;;;;;;;;;;;;;;;;;;;;;312.0;0.7402;360.0;0.6984;342.0;0.6744;460.0;0.83;356.0;0.6723;671.0;1.0378;851.0;0.7344;2242;1.9154;1930.0;1.5333;1428;1.063;2223;1.4209;3495;1.5637;4709;1.8572;4274.0;1.7528;4126.0;1.6731;4045.0;1.7219;;;;
mediapart;labor_market_position;84949;3.9157;;;;;;;;;;;;;;;;;;;;;;;;;;;1974.0;4.6829;3613.0;7.0097;3008.0;5.9313;2267.0;4.0907;2965.0;5.5997;3088.0;4.7762;3643.0;3.1438;3618;3.091;4827.0;3.8348;5057;3.7643;5891;3.7655;7741;3.4634;10037;3.9585;9201.0;3.7735;8769.0;3.5558;9250.0;3.9377;;;;
mediapart;profession;174795;8.0571;;;;;;;;;;;;;;;;;;;;;;;;;;;2800.0;6.6425;3089.0;5.9931;3153.0;6.2172;3696.0;6.6692;3758.0;7.0974;6722.0;10.3969;10533.0;9.0897;9850;8.4152;9378.0;7.4504;10300;7.667;10184;6.5096;18578;8.3119;19921;7.8567;20153.0;8.2651;22530.0;9.1358;20150.0;8.5778;;;;
mediapart;real_estate_ownership;1690;0.0779;;;;;;;;;;;;;;;;;;;;;;;;;;;12.0;0.0285;26.0;0.0504;16.0;0.0315;32.0;0.0577;35.0;0.0661;35.0;0.0541;49.0;0.0423;26;0.0222;73.0;0.058;100;0.0744;167;0.1067;156;0.0698;178;0.0702;223.0;0.0915;248.0;0.1006;314.0;0.1337;;;;
mediapart;social_deviance;7200;0.3319;;;;;;;;;;;;;;;;;;;;;;;;;;;79.0;0.1874;76.0;0.1474;85.0;0.1676;146.0;0.2634;84.0;0.1586;202.0;0.3124;279.0;0.2408;477;0.4075;323.0;0.2566;355;0.2643;492;0.3145;838;0.3749;965;0.3806;962.0;0.3945;951.0;0.3856;886.0;0.3772;;;;
mediapart;social_roles_and_behavior;14516;0.6691;;;;;;;;;;;;;;;;;;;;;;;;;;;128.0;0.3037;129.0;0.2503;206.0;0.4062;249.0;0.4493;174.0;0.3286;317.0;0.4903;434.0;0.3745;319;0.2725;463.0;0.3678;541;0.4027;1059;0.6769;2095;0.9373;1749;0.6898;2139.0;0.8772;2449.0;0.9931;2065.0;0.8791;;;;
mediapart;socio_economic_position;22761;1.0492;;;;;;;;;;;;;;;;;;;;;;;;;;;676.0;1.6037;925.0;1.7946;953.0;1.8792;831.0;1.4995;948.0;1.7904;1210.0;1.8715;1255.0;1.083;1063;0.9082;1174.0;0.9327;1344;1.0004;1581;1.0106;1950;0.8724;2381;0.939;2141.0;0.8781;2205.0;0.8941;2124.0;0.9042;;;;
mondediplo;age_and_family_status;7976;1.0928;266.0;0.8759;256.0;0.8533;329.0;1.1789;221.0;0.8123;299.0;1.0593;306.0;1.139;345.0;1.3095;322.0;1.3036;281.0;1.0637;318.0;1.2924;209.0;0.9107;269.0;1.117;231.0;0.9399;231.0;0.8895;219.0;0.8715;237.0;1.0125;198.0;0.8566;214.0;0.9096;358.0;1.4782;282.0;1.1677;259;1.0224;234.0;0.9914;247;1.018;352;1.5272;312;1.3228;346;1.4546;271.0;1.1328;306.0;1.328;248.0;1.0584;10.0;0.4845;;
mondediplo;identities;9078;1.2438;370.0;1.2184;378.0;1.26;395.0;1.4154;358.0;1.3158;295.0;1.0452;293.0;1.0906;341.0;1.2944;396.0;1.6032;243.0;0.9198;411.0;1.6704;298.0;1.2985;365.0;1.5156;241.0;0.9806;325.0;1.2514;230.0;0.9152;209.0;0.8929;207.0;0.8956;303.0;1.2879;205.0;0.8465;265.0;1.0973;438;1.729;352.0;1.4913;432;1.7804;348;1.5098;264;1.1193;291;1.2234;230.0;0.9615;354.0;1.5363;213.0;0.9091;28.0;1.3566;;
mondediplo;labor_market_position;21219;2.9073;642.0;2.1141;953.0;3.1766;853.0;3.0565;721.0;2.6501;716.0;2.5368;850.0;3.1639;710.0;2.695;636.0;2.5748;691.0;2.6156;530.0;2.154;451.0;1.9651;695.0;2.8859;704.0;2.8646;813.0;3.1305;790.0;3.1437;846.0;3.6141;720.0;3.115;722.0;3.0689;739.0;3.0514;739.0;3.0599;652;2.5737;802.0;3.3979;983;4.0513;717;3.1108;755;3.2009;827;3.4767;704.0;2.9429;635.0;2.7558;561.0;2.3943;62.0;3.0039;;
mondediplo;profession;31480;4.3132;1233.0;4.0602;1077.0;3.5899;1042.0;3.7337;1149.0;4.2232;934.0;3.3091;876.0;3.2606;886.0;3.3631;906.0;3.6679;1008.0;3.8156;985.0;4.0033;822.0;3.5817;970.0;4.0277;1205.0;4.9032;1082.0;4.1663;1177.0;4.6836;978.0;4.1781;1002.0;4.335;1142.0;4.8542;972.0;4.0135;1264.0;5.2337;1496;5.9053;1250.0;5.2959;1326;5.4649;978;4.2431;1071;4.5406;1115;4.6874;1303.0;5.4469;1064.0;4.6177;1091.0;4.6562;76.0;3.6822;;
mondediplo;real_estate_ownership;351;0.0481;10.0;0.0329;11.0;0.0367;14.0;0.0502;10.0;0.0368;6.0;0.0213;11.0;0.0409;10.0;0.038;9.0;0.0364;10.0;0.0379;6.0;0.0244;12.0;0.0523;10.0;0.0415;11.0;0.0448;12.0;0.0462;18.0;0.0716;9.0;0.0384;10.0;0.0433;9.0;0.0383;12.0;0.0495;6.0;0.0248;18;0.0711;19.0;0.0805;17;0.0701;26;0.1128;10;0.0424;12;0.0504;15.0;0.0627;22.0;0.0955;5.0;0.0213;1.0;0.0484;;
mondediplo;social_deviance;2567;0.3517;90.0;0.2964;115.0;0.3833;131.0;0.4694;115.0;0.4227;130.0;0.4606;84.0;0.3127;110.0;0.4175;112.0;0.4534;95.0;0.3596;150.0;0.6096;97.0;0.4227;104.0;0.4318;83.0;0.3377;78.0;0.3003;53.0;0.2109;64.0;0.2734;68.0;0.2942;61.0;0.2593;71.0;0.2932;116.0;0.4803;92;0.3632;81.0;0.3432;55;0.2267;62;0.269;83;0.3519;65;0.2733;72.0;0.301;51.0;0.2213;77.0;0.3286;2.0;0.0969;;
mondediplo;social_roles_and_behavior;4921;0.6742;158.0;0.5203;163.0;0.5433;362.0;1.2971;277.0;1.0181;248.0;0.8787;240.0;0.8933;143.0;0.5428;157.0;0.6356;171.0;0.6473;194.0;0.7885;140.0;0.61;125.0;0.519;151.0;0.6144;196.0;0.7547;127.0;0.5054;102.0;0.4357;201.0;0.8696;133.0;0.5653;152.0;0.6276;118.0;0.4886;138;0.5447;193.0;0.8177;116;0.4781;172;0.7462;184;0.7801;234;0.9837;106.0;0.4431;101.0;0.4383;107.0;0.4567;12.0;0.5814;;
mondediplo;socio_economic_position;8560;1.1728;288.0;0.9484;333.0;1.11;311.0;1.1144;392.0;1.4408;287.0;1.0168;338.0;1.2581;277.0;1.0514;290.0;1.174;219.0;0.829;205.0;0.8332;189.0;0.8235;230.0;0.955;334.0;1.359;380.0;1.4632;355.0;1.4127;351.0;1.4995;312.0;1.3498;371.0;1.577;363.0;1.4989;344.0;1.4244;244;0.9632;215.0;0.9109;234;0.9644;239;1.0369;327;1.3864;315;1.3243;318.0;1.3293;297.0;1.289;186.0;0.7938;16.0;0.7752;;
spiegel;age_and_family_status;136071;2.0165;4733.0;1.8644;4715.0;1.8701;4807.0;1.8729;4853.0;1.921;5244.0;1.8764;5250.0;1.9111;5121.0;1.9534;5545.0;2.2498;4234.0;1.799;4061.0;1.7561;4995.0;2.0478;5591.0;2.2425;5738.0;2.2676;5260.0;2.1261;5339.0;1.9888;5024.0;2.0533;4696.0;1.9069;5264.0;2.1103;5681.0;2.2902;4481.0;1.6756;5166;2.1274;5434.0;2.0432;5676;2.2214;5064;2.1032;5362;2.1587;4688;1.9163;4039.0;2.158;5275.0;2.1655;6966.0;2.8053;;;;
spiegel;identities;119654;1.7732;4968.0;1.957;4729.0;1.8756;4762.0;1.8553;5007.0;1.9819;4664.0;1.6688;4778.0;1.7393;4841.0;1.8466;4025.0;1.6331;3289.0;1.3975;3524.0;1.5239;3940.0;1.6153;4396.0;1.7632;3603.0;1.4239;3473.0;1.4038;3931.0;1.4643;3870.0;1.5817;3701.0;1.5029;3532.0;1.416;4016.0;1.619;4230.0;1.5818;6973;2.8716;7344.0;2.7614;5098;1.9951;5491;2.2806;4132;1.6635;4334;1.7716;2997.0;1.6013;3817.0;1.567;4884.0;1.9668;;;;
spiegel;labor_market_position;266021;3.9423;11270.0;4.4394;12558.0;4.9807;12392.0;4.8281;11704.0;4.6328;12529.0;4.483;12975.0;4.7231;10979.0;4.188;11459.0;4.6493;10466.0;4.447;10414.0;4.5034;10691.0;4.383;10724.0;4.3014;10656.0;4.2112;10109.0;4.0861;11095.0;4.133;9104.0;3.7208;8570.0;3.4801;9543.0;3.8258;9297.0;3.748;7657.0;2.8633;7587;3.1244;7848.0;2.9509;7761;3.0373;7113;2.9542;7586;3.0541;8136;3.3257;5795.0;3.0963;7885.0;3.237;8415.0;3.3888;;;;
spiegel;profession;589249;8.7323;25086.0;9.8817;22973.0;9.1115;23703.0;9.235;25347.0;10.0331;25844.0;9.2473;25572.0;9.3086;23970.0;9.1436;23819.0;9.6643;20187.0;8.5774;20568.0;8.8944;23334.0;9.5662;22344.0;8.9622;22852.0;9.031;22286.0;9.0082;23033.0;8.5801;20976.0;8.5729;20572.0;8.3538;21057.0;8.4417;21468.0;8.6546;16591.0;6.2041;16364;6.7389;20997.0;7.895;21806;8.534;20634;8.5699;21268;8.5625;19162;7.8327;17429.0;9.3123;18949.0;7.7791;20733.0;8.3494;;;;
spiegel;real_estate_ownership;6366;0.0943;321.0;0.1264;189.0;0.075;245.0;0.0955;291.0;0.1152;309.0;0.1106;273.0;0.0994;236.0;0.09;152.0;0.0617;192.0;0.0816;167.0;0.0722;237.0;0.0972;141.0;0.0566;196.0;0.0775;191.0;0.0772;216.0;0.0805;180.0;0.0736;256.0;0.104;223.0;0.0894;284.0;0.1145;280.0;0.1047;196;0.0807;269.0;0.1011;229;0.0896;268;0.1113;366;0.1474;249;0.1018;210.0;0.1122;323.0;0.1326;486.0;0.1957;;;;
spiegel;social_deviance;65267;0.9672;3125.0;1.231;2845.0;1.1284;3282.0;1.2787;2890.0;1.1439;2725.0;0.975;2958.0;1.0768;3045.0;1.1615;2333.0;0.9466;1984.0;0.843;1930.0;0.8346;2198.0;0.9011;2260.0;0.9065;2316.0;0.9153;2258.0;0.9127;2173.0;0.8095;2066.0;0.8444;2275.0;0.9238;2300.0;0.9221;2288.0;0.9224;1998.0;0.7471;2359;0.9715;2701.0;1.0156;2458;0.962;2302;0.9561;2440;0.9823;2323;0.9496;1434.0;0.7662;1779.0;0.7303;2410.0;0.9705;;;;
spiegel;social_roles_and_behavior;99962;1.4814;3562.0;1.4031;3705.0;1.4695;3683.0;1.4349;4164.0;1.6482;4326.0;1.5479;4184.0;1.523;3968.0;1.5136;3213.0;1.3036;3014.0;1.2806;3164.0;1.3682;3203.0;1.3131;3712.0;1.4889;3773.0;1.4911;3787.0;1.5307;3467.0;1.2915;3246.0;1.3266;3718.0;1.5098;4222.0;1.6926;4231.0;1.7057;3057.0;1.1431;3678;1.5146;4298.0;1.6161;4230;1.6554;4404;1.8291;3883;1.5633;3033;1.2398;3034.0;1.6211;4086.0;1.6774;4780.0;1.925;;;;
spiegel;socio_economic_position;98483;1.4595;3508.0;1.3819;4360.0;1.7293;4152.0;1.6177;4086.0;1.6174;4789.0;1.7136;5330.0;1.9402;4113.0;1.5689;3742.0;1.5183;3270.0;1.3894;3576.0;1.5464;3982.0;1.6325;3698.0;1.4833;3782.0;1.4946;3802.0;1.5368;3689.0;1.3742;3264.0;1.334;3210.0;1.3035;3736.0;1.4978;3690.0;1.4876;2963.0;1.108;3178;1.3087;3671.0;1.3803;3234;1.2657;2907;1.2074;3111;1.2525;3355;1.3714;2224.0;1.1883;3324.0;1.3646;3250.0;1.3088;;;;
sz;age_and_family_status;60564;2.2255;;;;;;;;;;;;;;;;;;;;;;;;;;;;;;;;;;;;;;;;;12274;2.487;20393.0;2.1413;6849;2.2642;9792;2.0622;2029;2.3245;9227;2.2457;;;;;;;;;;
sz;identities;44729;1.6436;;;;;;;;;;;;;;;;;;;;;;;;;;;;;;;;;;;;;;;;;10810;2.1904;16891.0;1.7736;4269;1.4113;6842;1.4409;987;1.1308;4930;1.1999;;;;;;;;;;
sz;labor_market_position;78090;2.8695;;;;;;;;;;;;;;;;;;;;;;;;;;;;;;;;;;;;;;;;;14505;2.9391;27090.0;2.8446;8512;2.814;13115;2.762;2339;2.6797;12529;3.0494;;;;;;;;;;
sz;profession;187128;6.8763;;;;;;;;;;;;;;;;;;;;;;;;;;;;;;;;;;;;;;;;;31555;6.3938;61880.0;6.4976;20923;6.917;35066;7.3849;6390;7.3207;31314;7.6214;;;;;;;;;;
sz;real_estate_ownership;7242;0.2661;;;;;;;;;;;;;;;;;;;;;;;;;;;;;;;;;;;;;;;;;1252;0.2537;2648.0;0.278;879;0.2906;1479;0.3115;202;0.2314;782;0.1903;;;;;;;;;;
sz;social_deviance;15933;0.5855;;;;;;;;;;;;;;;;;;;;;;;;;;;;;;;;;;;;;;;;;2936;0.5949;5882.0;0.6176;1754;0.5799;2819;0.5937;466;0.5339;2076;0.5053;;;;;;;;;;
sz;social_roles_and_behavior;33145;1.218;;;;;;;;;;;;;;;;;;;;;;;;;;;;;;;;;;;;;;;;;5864;1.1882;11358.0;1.1926;3717;1.2288;6237;1.3135;1210;1.3862;4759;1.1583;;;;;;;;;;
sz;socio_economic_position;49211;1.8083;;;;;;;;;;;;;;;;;;;;;;;;;;;;;;;;;;;;;;;;;8772;1.7774;17758.0;1.8647;5291;1.7492;8416;1.7724;1597;1.8296;7377;1.7954;;;;;;;;;;
welt;age_and_family_status;62334;2.048;;;;;;;;;;;441.0;1.4203;;;;;1592.0;1.8342;4415.0;1.8128;3456.0;2.1275;7214.0;2.2891;3436.0;2.3185;1807.0;2.2604;4039.0;2.3288;3966.0;2.1492;2889.0;1.7553;3274.0;1.9378;3089.0;1.932;3049.0;1.9604;2961;1.933;2347.0;1.7386;1193;1.8423;3544;1.9472;2468;2.3576;2484;2.2584;2133.0;2.18;1346.0;1.8399;1191.0;2.4347;;;;
welt;identities;49419;1.6237;;;;;;;;;;;341.0;1.0983;;;;;1176.0;1.3549;3389.0;1.3915;1999.0;1.2306;4321.0;1.3711;1708.0;1.1525;998.0;1.2484;2019.0;1.1641;2373.0;1.2859;1895.0;1.1514;2220.0;1.314;2191.0;1.3703;2585.0;1.6621;4290;2.8006;3702.0;2.7423;1303;2.0121;4527;2.4873;2001;1.9115;2120;1.9275;1724.0;1.762;1429.0;1.9533;1108.0;2.265;;;;
welt;labor_market_position;141590;4.6521;;;;;;;;;;;1565.0;5.0404;;;;;4358.0;5.021;12686.0;5.2088;8135.0;5.008;15288.0;4.8511;7165.0;4.8347;3552.0;4.4432;6574.0;3.7904;8433.0;4.5699;8072.0;4.9045;8671.0;5.1321;8206.0;5.1323;7461.0;4.7971;6937;4.5286;5743.0;4.2542;2723;4.205;7253;3.985;4551;4.3475;4924;4.4768;4196.0;4.2884;2973.0;4.0639;2124.0;4.342;;;;
welt;profession;257999;8.4768;;;;;;;;;;;2579.0;8.3062;;;;;8444.0;9.7286;23261.0;9.5508;15221.0;9.3702;27479.0;8.7194;11268.0;7.6032;6461.0;8.082;13238.0;7.6328;13575.0;7.3563;12304.0;7.4759;12759.0;7.5517;13134.0;8.2144;11752.0;7.5561;10385;6.7796;10151.0;7.5195;5619;8.6771;17564;9.6501;9907;9.464;9968;9.0627;10371.0;10.5994;7295.0;9.9717;5264.0;10.7609;;;;
welt;real_estate_ownership;8887;0.292;;;;;;;;;;;64.0;0.2061;;;;;182.0;0.2097;592.0;0.2431;393.0;0.2419;683.0;0.2167;439.0;0.2962;257.0;0.3215;541.0;0.3119;622.0;0.3371;511.0;0.3105;448.0;0.2652;362.0;0.2264;469.0;0.3015;628;0.41;501.0;0.3711;198;0.3058;615;0.3379;400;0.3821;360;0.3273;274.0;0.28;219.0;0.2994;129.0;0.2637;;;;
welt;social_deviance;22699;0.7458;;;;;;;;;;;216.0;0.6957;;;;;683.0;0.7869;1702.0;0.6988;1205.0;0.7418;2578.0;0.818;1075.0;0.7254;622.0;0.7781;1394.0;0.8038;1313.0;0.7115;1043.0;0.6337;1123.0;0.6647;1096.0;0.6855;1025.0;0.659;1115;0.7279;1161.0;0.86;533;0.8231;1476;0.811;909;0.8684;954;0.8674;651.0;0.6653;463.0;0.6329;362.0;0.74;;;;
welt;social_roles_and_behavior;35269;1.1588;;;;;;;;;;;281.0;0.905;;;;;922.0;1.0623;2435.0;0.9998;1602.0;0.9862;3219.0;1.0214;1731.0;1.168;900.0;1.1258;2186.0;1.2604;2274.0;1.2323;2174.0;1.3209;2101.0;1.2435;1982.0;1.2396;1914.0;1.2306;1748;1.1411;1661.0;1.2304;866;1.3373;2193;1.2049;1452;1.3871;1133;1.0301;1025.0;1.0476;805.0;1.1004;665.0;1.3594;;;;
welt;socio_economic_position;76497;2.5134;;;;;;;;;;;977.0;3.1466;;;;;2157.0;2.4851;6253.0;2.5674;4231.0;2.6046;8429.0;2.6746;4118.0;2.7787;2076.0;2.5969;3871.0;2.2319;4696.0;2.5448;4580.0;2.7828;4635.0;2.7433;4322.0;2.7031;3933.0;2.5288;4105;2.6798;3585.0;2.6556;1520;2.3472;3857;2.1191;2404;2.2965;2531;2.3011;1915.0;1.9572;1344.0;1.8371;958.0;1.9584;;;;
zeit;age_and_family_status;89213;2.4067;3221.0;1.7068;1034.0;1.6624;1118.0;1.7396;950.0;1.6512;1428.0;1.9261;1744.0;1.9434;1599.0;2.0608;1182.0;2.0748;2481.0;2.504;2237.0;2.0166;2560.0;2.1611;1523.0;2.6627;1385.0;3.1675;2283.0;2.931;2386.0;2.5871;2936.0;2.7101;2890.0;2.44;3301.0;2.4395;4031.0;2.7564;4907.0;2.8294;4919;2.5906;5252.0;2.5137;6031;2.552;5844;2.5028;5087;2.5864;4448;2.5557;4812.0;2.572;3917.0;2.195;3707.0;2.4797;;;;
zeit;identities;80287;2.1659;3708.0;1.9649;1116.0;1.7942;1079.0;1.6789;929.0;1.6147;1178.0;1.5889;1563.0;1.7417;1150.0;1.4821;929.0;1.6307;1807.0;1.8238;1997.0;1.8003;1872.0;1.5803;1487.0;2.5998;850.0;1.9439;1274.0;1.6356;1616.0;1.7522;2465.0;2.2753;1999.0;1.6878;2471.0;1.8261;2987.0;2.0425;3700.0;2.1334;6319;3.3279;6616.0;3.1665;6597;2.7914;6651;2.8484;4372;2.2229;3999;2.2977;3740.0;1.999;2939.0;1.647;2877.0;1.9245;;;;
zeit;labor_market_position;143778;3.8787;9579.0;5.0759;3433.0;5.5194;3446.0;5.3618;3401.0;5.9112;4106.0;5.5382;4869.0;5.4257;4368.0;5.6295;2870.0;5.0377;5126.0;5.1736;5497.0;4.9555;6018.0;5.0804;2886.0;5.0457;2139.0;4.8918;3608.0;4.6321;4305.0;4.6678;4669.0;4.3097;4954.0;4.1827;5696.0;4.2095;6246.0;4.271;6217.0;3.5848;6189;3.2595;6085.0;2.9124;6533;2.7644;6733;2.8835;5706;2.9011;5273;3.0297;5371.0;2.8708;4592.0;2.5733;3863.0;2.5841;;;;
zeit;profession;272411;7.3489;16024.0;8.4911;5323.0;8.558;5496.0;8.5516;5624.0;9.7749;6218.0;8.3869;7264.0;8.0945;6063.0;7.8141;4927.0;8.6484;8206.0;8.2822;9277.0;8.3631;10946.0;9.2406;4542.0;7.941;3290.0;7.5241;6147.0;7.8917;7567.0;8.2048;7852.0;7.2478;8207.0;6.9292;9227.0;6.819;11089.0;7.5826;10722.0;6.1824;11257;5.9285;13700.0;6.5571;18103;7.6601;17132;7.337;14655;7.451;11761;6.7575;13490.0;7.2103;9400.0;5.2676;8902.0;5.9548;;;;
zeit;real_estate_ownership;4397;0.1186;237.0;0.1256;41.0;0.0659;45.0;0.07;52.0;0.0904;73.0;0.0985;115.0;0.1281;67.0;0.0864;45.0;0.079;87.0;0.0878;106.0;0.0956;95.0;0.0802;41.0;0.0717;45.0;0.1029;66.0;0.0847;61.0;0.0661;85.0;0.0785;130.0;0.1098;88.0;0.065;129.0;0.0882;232.0;0.1338;286;0.1506;251.0;0.1201;280;0.1185;425;0.182;369;0.1876;223;0.1281;291.0;0.1555;231.0;0.1294;201.0;0.1345;;;;
zeit;social_deviance;27551;0.7432;1760.0;0.9326;455.0;0.7315;552.0;0.8589;406.0;0.7057;431.0;0.5813;669.0;0.7455;560.0;0.7217;392.0;0.6881;688.0;0.6944;776.0;0.6996;881.0;0.7437;442.0;0.7728;315.0;0.7204;524.0;0.6727;614.0;0.6657;814.0;0.7514;879.0;0.7421;1074.0;0.7937;1042.0;0.7125;1194.0;0.6885;1534;0.8079;1691.0;0.8093;1862;0.7879;2003;0.8578;1309;0.6655;1387;0.7969;1195.0;0.6387;1016.0;0.5694;1086.0;0.7265;;;;
zeit;social_roles_and_behavior;55520;1.4978;2313.0;1.2257;706.0;1.1351;630.0;0.9803;611.0;1.062;876.0;1.1816;996.0;1.1099;853.0;1.0994;649.0;1.1392;1050.0;1.0597;1306.0;1.1773;1370.0;1.1565;755.0;1.32;746.0;1.7061;896.0;1.1503;1323.0;1.4345;1798.0;1.6597;1444.0;1.2192;2281.0;1.6857;2302.0;1.5741;3095.0;1.7846;2915;1.5352;3859.0;1.847;3878;1.6409;3910;1.6745;3566;1.8131;3072;1.7651;3037.0;1.6233;2706.0;1.5164;2577.0;1.7238;;;;
zeit;socio_economic_position;61372;1.6556;3232.0;1.7126;1250.0;2.0097;1410.0;2.1939;1332.0;2.3151;1753.0;2.3645;2364.0;2.6343;1884.0;2.4281;1185.0;2.08;1930.0;1.9479;2140.0;1.9292;2273.0;1.9189;1189.0;2.0788;1013.0;2.3167;1534.0;1.9694;1627.0;1.7641;1851.0;1.7086;2062.0;1.741;2588.0;1.9126;2687.0;1.8374;2742.0;1.5811;2747;1.4467;2960.0;1.4167;3180;1.3456;3247;1.3906;2648;1.3463;2267;1.3025;2285.0;1.2213;2252.0;1.262;1740.0;1.1639;;;;
